pair,entry_z,exit_z,lookback,sl_mult,cal_expR,cal_pctMR,val_expR,val_pctMR,val_n,fwd_expR,fwd_pctMR
LTC/XRP,1.5,0.3,20,1.0,-0.6218,47.1,0.1554,49.6,114,2.0866,49.4
LTC/XRP,1.5,0.3,20,1.5,-0.4146,47.1,0.1035,49.6,114,1.391,49.4
LTC/XRP,1.5,0.3,20,2.0,-0.311,47.1,0.0776,49.6,114,1.0432,49.4
LTC/XRP,1.5,0.3,30,1.0,-0.5294,47.4,1.3981,45.9,91,3.2061,48.9
LTC/XRP,1.5,0.3,30,1.5,-0.353,47.4,0.932,45.9,91,2.1373,48.9
LTC/XRP,1.5,0.3,30,2.0,-0.2648,47.4,0.699,45.9,91,1.603,48.9
LTC/XRP,1.5,0.3,40,1.0,-2.0797,47.5,3.2134,46.3,70,3.9241,49.3
LTC/XRP,1.5,0.3,40,1.5,-1.3865,47.5,2.1422,46.3,70,2.616,49.3
LTC/XRP,1.5,0.3,40,2.0,-1.0399,47.5,1.6066,46.3,70,1.9619,49.3
LTC/XRP,1.5,0.3,60,1.0,-0.7472,46.2,3.7751,46.7,53,4.9346,49.5
LTC/XRP,1.5,0.3,60,1.5,-0.4982,46.2,2.5166,46.7,53,3.2897,49.5
LTC/XRP,1.5,0.3,60,2.0,-0.3737,46.2,1.8874,46.7,53,2.4672,49.5
LTC/XRP,1.5,0.5,20,1.0,-0.038,45.7,0.3783,50.4,122,1.8043,49.5
LTC/XRP,1.5,0.5,20,1.5,-0.0254,45.7,0.2522,50.4,122,1.2028,49.5
LTC/XRP,1.5,0.5,20,2.0,-0.0191,45.7,0.1891,50.4,122,0.9021,49.5
LTC/XRP,1.5,0.5,30,1.0,-0.3587,47.7,1.5879,48.1,96,2.61,46.4
LTC/XRP,1.5,0.5,30,1.5,-0.2392,47.7,1.0585,48.1,96,1.74,46.4
LTC/XRP,1.5,0.5,30,2.0,-0.1795,47.7,0.7939,48.1,96,1.3049,46.4
LTC/XRP,1.5,0.5,40,1.0,-1.5836,48.6,1.9773,47.5,74,3.3029,47.2
LTC/XRP,1.5,0.5,40,1.5,-1.0558,48.6,1.3181,47.5,74,2.2019,47.2
LTC/XRP,1.5,0.5,40,2.0,-0.7919,48.6,0.9885,47.5,74,1.6513,47.2
LTC/XRP,1.5,0.5,60,1.0,-0.0346,46.6,4.2526,46.9,59,4.9181,47.3
LTC/XRP,1.5,0.5,60,1.5,-0.0231,46.6,2.835,46.9,59,3.2786,47.3
LTC/XRP,1.5,0.5,60,2.0,-0.0174,46.6,2.1262,46.9,59,2.4589,47.3
LTC/XRP,1.5,0.8,20,1.0,1.6433,47.5,1.514,48.4,145,2.0343,48.3
LTC/XRP,1.5,0.8,20,1.5,1.0955,47.5,1.0093,48.4,145,1.3561,48.3
LTC/XRP,1.5,0.8,20,2.0,0.8216,47.5,0.7569,48.4,145,1.017,48.3
LTC/XRP,1.5,0.8,30,1.0,-1.4597,48.6,1.9719,50.5,110,2.0709,48.8
LTC/XRP,1.5,0.8,30,1.5,-0.9732,48.6,1.3145,50.5,110,1.3805,48.8
LTC/XRP,1.5,0.8,30,2.0,-0.73,48.6,0.9859,50.5,110,1.0353,48.8
LTC/XRP,1.5,0.8,40,1.0,-1.0929,45.6,1.3023,47.6,82,2.1876,47.4
LTC/XRP,1.5,0.8,40,1.5,-0.7287,45.6,0.8681,47.6,82,1.4584,47.4
LTC/XRP,1.5,0.8,40,2.0,-0.5465,45.6,0.6511,47.6,82,1.0937,47.4
LTC/XRP,1.5,0.8,60,1.0,-1.1623,47.5,3.0368,47.5,65,2.9873,51.2
LTC/XRP,1.5,0.8,60,1.5,-0.7749,47.5,2.0244,47.5,65,1.9915,51.2
LTC/XRP,1.5,0.8,60,2.0,-0.5813,47.5,1.5183,47.5,65,1.4936,51.2
LTC/XRP,2.0,0.3,20,1.0,-2.3938,47.4,0.69,48.9,82,2.5942,49.3
LTC/XRP,2.0,0.3,20,1.5,-1.596,47.4,0.46,48.9,82,1.7294,49.3
LTC/XRP,2.0,0.3,20,2.0,-1.197,47.4,0.3449,48.9,82,1.297,49.3
LTC/XRP,2.0,0.3,30,1.0,-0.4101,47.3,2.0345,48.4,62,3.6535,49.9
LTC/XRP,2.0,0.3,30,1.5,-0.2735,47.3,1.3563,48.4,62,2.4356,49.9
LTC/XRP,2.0,0.3,30,2.0,-0.2052,47.3,1.0172,48.4,62,1.8266,49.9
LTC/XRP,2.0,0.3,40,1.0,-0.5194,45.8,4.3979,47.3,52,3.9926,47.9
LTC/XRP,2.0,0.3,40,1.5,-0.3463,45.8,2.9319,47.3,52,2.6617,47.9
LTC/XRP,2.0,0.3,40,2.0,-0.2598,45.8,2.1989,47.3,52,1.9962,47.9
LTC/XRP,2.0,0.3,60,1.0,-3.0989,44.7,4.0649,49.3,34,5.9986,48.0
LTC/XRP,2.0,0.3,60,1.5,-2.066,44.7,2.7099,49.3,34,3.999,48.0
LTC/XRP,2.0,0.3,60,2.0,-1.5495,44.7,2.0324,49.3,34,2.9992,48.0
LTC/XRP,2.0,0.5,20,1.0,-1.7617,46.6,1.0002,49.2,86,1.886,49.5
LTC/XRP,2.0,0.5,20,1.5,-1.1746,46.6,0.6667,49.2,86,1.2572,49.5
LTC/XRP,2.0,0.5,20,2.0,-0.881,46.6,0.5,49.2,86,0.9429,49.5
LTC/XRP,2.0,0.5,30,1.0,-0.0885,48.2,1.5571,46.5,64,3.2655,50.4
LTC/XRP,2.0,0.5,30,1.5,-0.0591,48.2,1.038,46.5,64,2.177,50.4
LTC/XRP,2.0,0.5,30,2.0,-0.0444,48.2,0.7784,46.5,64,1.6327,50.4
LTC/XRP,2.0,0.5,40,1.0,-0.0853,45.8,1.4928,47.2,52,3.8401,48.2
LTC/XRP,2.0,0.5,40,1.5,-0.0569,45.8,0.9952,47.2,52,2.56,48.2
LTC/XRP,2.0,0.5,40,2.0,-0.0428,45.8,0.7463,47.2,52,1.92,48.2
LTC/XRP,2.0,0.5,60,1.0,-1.7206,47.3,5.0203,46.7,38,5.9539,48.6
LTC/XRP,2.0,0.5,60,1.5,-1.1471,47.3,3.3468,46.7,38,3.9692,48.6
LTC/XRP,2.0,0.5,60,2.0,-0.8604,47.3,2.51,46.7,38,2.9768,48.6
LTC/XRP,2.0,0.8,20,1.0,0.8363,49.1,1.5141,48.5,93,2.0641,49.1
LTC/XRP,2.0,0.8,20,1.5,0.5575,49.1,1.0093,48.5,93,1.376,49.1
LTC/XRP,2.0,0.8,20,2.0,0.4181,49.1,0.757,48.5,93,1.0319,49.1
LTC/XRP,2.0,0.8,30,1.0,-1.8411,47.4,2.0402,47.5,68,2.2604,49.8
LTC/XRP,2.0,0.8,30,1.5,-1.2274,47.4,1.36,47.5,68,1.5068,49.8
LTC/XRP,2.0,0.8,30,2.0,-0.9206,47.4,1.02,47.5,68,1.1301,49.8
LTC/XRP,2.0,0.8,40,1.0,-0.5446,46.5,0.7674,49.5,54,2.8637,50.1
LTC/XRP,2.0,0.8,40,1.5,-0.3632,46.5,0.5115,49.5,54,1.9091,50.1
LTC/XRP,2.0,0.8,40,2.0,-0.2724,46.5,0.3836,49.5,54,1.4318,50.1
LTC/XRP,2.0,0.8,60,1.0,-1.8503,45.1,2.6185,48.9,38,4.5094,48.5
LTC/XRP,2.0,0.8,60,1.5,-1.2336,45.1,1.7456,48.9,38,3.0062,48.5
LTC/XRP,2.0,0.8,60,2.0,-0.9252,45.1,1.3092,48.9,38,2.2546,48.5
LTC/XRP,2.5,0.3,20,1.0,-1.9722,46.2,1.4215,47.9,41,3.3842,47.2
LTC/XRP,2.5,0.3,20,1.5,-1.3148,46.2,0.9476,47.9,41,2.2561,47.2
LTC/XRP,2.5,0.3,20,2.0,-0.9862,46.2,0.7106,47.9,41,1.692,47.2
LTC/XRP,2.5,0.3,30,1.0,-0.9425,47.7,1.3332,48.7,36,3.4997,48.2
LTC/XRP,2.5,0.3,30,1.5,-0.6284,47.7,0.8888,48.7,36,2.3331,48.2
LTC/XRP,2.5,0.3,30,2.0,-0.4713,47.7,0.6665,48.7,36,1.7498,48.2
LTC/XRP,2.5,0.3,40,1.0,-3.5117,49.3,5.5815,47.8,32,4.8882,47.8
LTC/XRP,2.5,0.3,40,1.5,-2.3412,49.3,3.721,47.8,32,3.2588,47.8
LTC/XRP,2.5,0.3,40,2.0,-1.7559,49.3,2.7907,47.8,32,2.444,47.8
LTC/XRP,2.5,0.3,60,1.0,-1.6203,44.7,5.2859,49.8,24,6.714,47.3
LTC/XRP,2.5,0.3,60,1.5,-1.0803,44.7,3.5238,49.8,24,4.476,47.3
LTC/XRP,2.5,0.3,60,2.0,-0.8103,44.7,2.6428,49.8,24,3.3569,47.3
LTC/XRP,2.5,0.5,20,1.0,-2.4883,45.6,1.3562,49.0,41,2.6151,48.9
LTC/XRP,2.5,0.5,20,1.5,-1.6589,45.6,0.9041,49.0,41,1.7433,48.9
LTC/XRP,2.5,0.5,20,2.0,-1.2442,45.6,0.678,49.0,41,1.3074,48.9
LTC/XRP,2.5,0.5,30,1.0,-0.7514,49.1,0.7228,47.9,37,3.4068,46.9
LTC/XRP,2.5,0.5,30,1.5,-0.501,49.1,0.4818,47.9,37,2.2712,46.9
LTC/XRP,2.5,0.5,30,2.0,-0.3758,49.1,0.3613,47.9,37,1.7033,46.9
LTC/XRP,2.5,0.5,40,1.0,-4.4619,48.8,2.3966,47.6,32,4.9178,48.2
LTC/XRP,2.5,0.5,40,1.5,-2.9747,48.8,1.5977,47.6,32,3.2785,48.2
LTC/XRP,2.5,0.5,40,2.0,-2.2311,48.8,1.1982,47.6,32,2.4588,48.2
LTC/XRP,2.5,0.5,60,1.0,-1.1121,46.1,6.0707,48.6,25,5.6549,47.3
LTC/XRP,2.5,0.5,60,1.5,-0.7415,46.1,4.0471,48.6,25,3.7699,47.3
LTC/XRP,2.5,0.5,60,2.0,-0.5561,46.1,3.0353,48.6,25,2.8273,47.3
LTC/XRP,2.5,0.8,20,1.0,0.648,49.0,1.1419,47.6,41,2.5279,48.5
LTC/XRP,2.5,0.8,20,1.5,0.4319,49.0,0.7612,47.6,41,1.6852,48.5
LTC/XRP,2.5,0.8,20,2.0,0.3239,49.0,0.5708,47.6,41,1.2639,48.5
LTC/XRP,2.5,0.8,30,1.0,-1.7566,45.9,0.8899,47.1,38,3.2301,48.5
LTC/XRP,2.5,0.8,30,1.5,-1.1712,45.9,0.5932,47.1,38,2.1533,48.5
LTC/XRP,2.5,0.8,30,2.0,-0.8784,45.9,0.4449,47.1,38,1.6149,48.5
LTC/XRP,2.5,0.8,40,1.0,-4.0277,48.5,1.3279,48.2,33,3.8087,48.5
LTC/XRP,2.5,0.8,40,1.5,-2.6852,48.5,0.8852,48.2,33,2.5391,48.5
LTC/XRP,2.5,0.8,40,2.0,-2.0139,48.5,0.6639,48.2,33,1.9042,48.5
LTC/XRP,2.5,0.8,60,1.0,-0.6957,46.6,4.7279,49.4,25,5.0924,48.8
LTC/XRP,2.5,0.8,60,1.5,-0.4639,46.6,3.1519,49.4,25,3.3949,48.8
LTC/XRP,2.5,0.8,60,2.0,-0.3479,46.6,2.3639,49.4,25,2.5461,48.8
LTC/ADA,1.5,0.3,20,1.0,-1.301,45.6,0.6083,49.1,123,3.5331,49.4
LTC/ADA,1.5,0.3,20,1.5,-0.8674,45.6,0.4055,49.1,123,2.3553,49.4
LTC/ADA,1.5,0.3,20,2.0,-0.6506,45.6,0.3041,49.1,123,1.7664,49.4
LTC/ADA,1.5,0.3,30,1.0,0.7663,49.1,1.4653,49.7,92,4.2438,48.9
LTC/ADA,1.5,0.3,30,1.5,0.5108,49.1,0.9768,49.7,92,2.8291,48.9
LTC/ADA,1.5,0.3,30,2.0,0.383,49.1,0.7326,49.7,92,2.1218,48.9
LTC/ADA,1.5,0.3,40,1.0,1.1266,44.4,1.5607,47.6,71,4.9672,48.8
LTC/ADA,1.5,0.3,40,1.5,0.751,44.4,1.0404,47.6,71,3.3114,48.8
LTC/ADA,1.5,0.3,40,2.0,0.5632,44.4,0.7803,47.6,71,2.4835,48.8
LTC/ADA,1.5,0.3,60,1.0,-0.0116,45.3,3.18,48.5,53,3.719,48.9
LTC/ADA,1.5,0.3,60,1.5,-0.0078,45.3,2.1199,48.5,53,2.4792,48.9
LTC/ADA,1.5,0.3,60,2.0,-0.0059,45.3,1.5899,48.5,53,1.8594,48.9
LTC/ADA,1.5,0.5,20,1.0,0.8453,46.2,0.6612,48.2,127,3.3019,46.7
LTC/ADA,1.5,0.5,20,1.5,0.5635,46.2,0.4407,48.2,127,2.2012,46.7
LTC/ADA,1.5,0.5,20,2.0,0.4225,46.2,0.3305,48.2,127,1.6508,46.7
LTC/ADA,1.5,0.5,30,1.0,0.4272,47.8,1.056,49.9,98,3.7909,47.2
LTC/ADA,1.5,0.5,30,1.5,0.2848,47.8,0.7039,49.9,98,2.5272,47.2
LTC/ADA,1.5,0.5,30,2.0,0.2135,47.8,0.5279,49.9,98,1.8953,47.2
LTC/ADA,1.5,0.5,40,1.0,0.3183,45.1,1.5501,48.0,76,4.1214,48.5
LTC/ADA,1.5,0.5,40,1.5,0.2122,45.1,1.0333,48.0,76,2.7475,48.5
LTC/ADA,1.5,0.5,40,2.0,0.1591,45.1,0.775,48.0,76,2.0606,48.5
LTC/ADA,1.5,0.5,60,1.0,1.4195,46.4,2.9396,50.6,58,2.7849,46.9
LTC/ADA,1.5,0.5,60,1.5,0.9462,46.4,1.9597,50.6,58,1.8566,46.9
LTC/ADA,1.5,0.5,60,2.0,0.7096,46.4,1.4697,50.6,58,1.3924,46.9
LTC/ADA,1.5,0.8,20,1.0,1.7651,48.9,1.5618,50.0,144,2.7687,48.8
LTC/ADA,1.5,0.8,20,1.5,1.1767,48.9,1.0411,50.0,144,1.8458,48.8
LTC/ADA,1.5,0.8,20,2.0,0.8824,48.9,0.7808,50.0,144,1.3843,48.8
LTC/ADA,1.5,0.8,30,1.0,-1.5592,44.7,1.7701,48.5,113,2.961,49.2
LTC/ADA,1.5,0.8,30,1.5,-1.0395,44.7,1.18,48.5,113,1.9739,49.2
LTC/ADA,1.5,0.8,30,2.0,-0.7797,44.7,0.8849,48.5,113,1.4804,49.2
LTC/ADA,1.5,0.8,40,1.0,-0.2769,48.4,1.0475,49.8,85,3.3929,49.6
LTC/ADA,1.5,0.8,40,1.5,-0.1846,48.4,0.6983,49.8,85,2.2619,49.6
LTC/ADA,1.5,0.8,40,2.0,-0.1385,48.4,0.5237,49.8,85,1.6963,49.6
LTC/ADA,1.5,0.8,60,1.0,-0.491,48.8,1.2786,48.2,63,2.8712,49.0
LTC/ADA,1.5,0.8,60,1.5,-0.3274,48.8,0.8523,48.2,63,1.9141,49.0
LTC/ADA,1.5,0.8,60,2.0,-0.2456,48.8,0.6392,48.2,63,1.4355,49.0
LTC/ADA,2.0,0.3,20,1.0,-3.1111,44.7,1.0072,50.9,86,4.388,46.7
LTC/ADA,2.0,0.3,20,1.5,-2.0741,44.7,0.6714,50.9,86,2.9253,46.7
LTC/ADA,2.0,0.3,20,2.0,-1.5557,44.7,0.5035,50.9,86,2.1939,46.7
LTC/ADA,2.0,0.3,30,1.0,1.3533,47.2,1.7774,47.8,62,5.1819,48.3
LTC/ADA,2.0,0.3,30,1.5,0.9021,47.2,1.1848,47.8,62,3.4545,48.3
LTC/ADA,2.0,0.3,30,2.0,0.6765,47.2,0.8886,47.8,62,2.5908,48.3
LTC/ADA,2.0,0.3,40,1.0,0.5715,46.9,2.4832,47.6,56,5.4593,48.8
LTC/ADA,2.0,0.3,40,1.5,0.381,46.9,1.6554,47.6,56,3.6394,48.8
LTC/ADA,2.0,0.3,40,2.0,0.2857,46.9,1.2415,47.6,56,2.7295,48.8
LTC/ADA,2.0,0.3,60,1.0,-1.3422,45.1,4.1241,50.6,37,4.0008,50.4
LTC/ADA,2.0,0.3,60,1.5,-0.8948,45.1,2.7493,50.6,37,2.6671,50.4
LTC/ADA,2.0,0.3,60,2.0,-0.6712,45.1,2.0619,50.6,37,2.0003,50.4
LTC/ADA,2.0,0.5,20,1.0,-0.23,45.2,1.0242,49.5,88,3.9645,49.4
LTC/ADA,2.0,0.5,20,1.5,-0.1534,45.2,0.6828,49.5,88,2.643,49.4
LTC/ADA,2.0,0.5,20,2.0,-0.1151,45.2,0.512,49.5,88,1.9822,49.4
LTC/ADA,2.0,0.5,30,1.0,0.5652,45.4,0.6777,44.9,64,4.3643,48.3
LTC/ADA,2.0,0.5,30,1.5,0.3768,45.4,0.4518,44.9,64,2.9095,48.3
LTC/ADA,2.0,0.5,30,2.0,0.2825,45.4,0.3388,44.9,64,2.182,48.3
LTC/ADA,2.0,0.5,40,1.0,-0.0568,46.5,2.4287,48.2,60,4.1647,48.0
LTC/ADA,2.0,0.5,40,1.5,-0.0379,46.5,1.6191,48.2,60,2.7764,48.0
LTC/ADA,2.0,0.5,40,2.0,-0.0285,46.5,1.2142,48.2,60,2.0823,48.0
LTC/ADA,2.0,0.5,60,1.0,0.2424,46.2,2.6941,49.9,37,2.8725,47.6
LTC/ADA,2.0,0.5,60,1.5,0.1615,46.2,1.796,49.9,37,1.915,47.6
LTC/ADA,2.0,0.5,60,2.0,0.1211,46.2,1.3469,49.9,37,1.4362,47.6
LTC/ADA,2.0,0.8,20,1.0,1.0373,50.5,1.3229,49.5,94,3.2368,48.4
LTC/ADA,2.0,0.8,20,1.5,0.6915,50.5,0.8818,49.5,94,2.1578,48.4
LTC/ADA,2.0,0.8,20,2.0,0.5186,50.5,0.6613,49.5,94,1.6183,48.4
LTC/ADA,2.0,0.8,30,1.0,-2.3487,46.3,1.067,47.8,68,3.6509,49.4
LTC/ADA,2.0,0.8,30,1.5,-1.5659,46.3,0.7112,47.8,68,2.4338,49.4
LTC/ADA,2.0,0.8,30,2.0,-1.1745,46.3,0.5334,47.8,68,1.8253,49.4
LTC/ADA,2.0,0.8,40,1.0,-0.2588,46.1,1.514,46.8,64,3.5889,48.4
LTC/ADA,2.0,0.8,40,1.5,-0.1726,46.1,1.0093,46.8,64,2.3925,48.4
LTC/ADA,2.0,0.8,40,2.0,-0.1295,46.1,0.7569,46.8,64,1.7943,48.4
LTC/ADA,2.0,0.8,60,1.0,-1.5236,49.0,0.6032,50.1,38,3.4091,49.2
LTC/ADA,2.0,0.8,60,1.5,-1.0158,49.0,0.4021,50.1,38,2.2727,49.2
LTC/ADA,2.0,0.8,60,2.0,-0.7619,49.0,0.3015,50.1,38,1.7045,49.2
LTC/ADA,2.5,0.3,20,1.0,-4.2117,43.0,0.6991,46.9,48,2.1772,48.5
LTC/ADA,2.5,0.3,20,1.5,-2.8079,43.0,0.466,46.9,48,1.4514,48.5
LTC/ADA,2.5,0.3,20,2.0,-2.106,43.0,0.3495,46.9,48,1.0885,48.5
LTC/ADA,2.5,0.3,30,1.0,-0.1426,47.4,2.1111,47.8,41,4.4902,49.2
LTC/ADA,2.5,0.3,30,1.5,-0.0951,47.4,1.4073,47.8,41,2.9934,49.2
LTC/ADA,2.5,0.3,30,2.0,-0.0714,47.4,1.0555,47.8,41,2.245,49.2
LTC/ADA,2.5,0.3,40,1.0,-0.5216,49.7,3.7018,48.9,34,3.1478,48.5
LTC/ADA,2.5,0.3,40,1.5,-0.3478,49.7,2.4678,48.9,34,2.0985,48.5
LTC/ADA,2.5,0.3,40,2.0,-0.2609,49.7,1.8508,48.9,34,1.5738,48.5
LTC/ADA,2.5,0.3,60,1.0,-0.9285,42.8,6.2623,49.4,28,3.6375,46.9
LTC/ADA,2.5,0.3,60,1.5,-0.619,42.8,4.1748,49.4,28,2.4249,46.9
LTC/ADA,2.5,0.3,60,2.0,-0.4643,42.8,3.131,49.4,28,1.8186,46.9
LTC/ADA,2.5,0.5,20,1.0,-1.6085,45.5,0.7981,48.5,49,2.0434,48.3
LTC/ADA,2.5,0.5,20,1.5,-1.0724,45.5,0.532,48.5,49,1.3622,48.3
LTC/ADA,2.5,0.5,20,2.0,-0.8044,45.5,0.3989,48.5,49,1.0216,48.3
LTC/ADA,2.5,0.5,30,1.0,-0.9112,46.2,1.5009,50.0,43,3.5906,49.1
LTC/ADA,2.5,0.5,30,1.5,-0.6076,46.2,1.0005,50.0,43,2.3937,49.1
LTC/ADA,2.5,0.5,30,2.0,-0.4557,46.2,0.7503,50.0,43,1.7952,49.1
LTC/ADA,2.5,0.5,40,1.0,-0.58,48.9,2.9213,49.5,35,1.6276,48.1
LTC/ADA,2.5,0.5,40,1.5,-0.3867,48.9,1.9475,49.5,35,1.085,48.1
LTC/ADA,2.5,0.5,40,2.0,-0.2901,48.9,1.4606,49.5,35,0.8137,48.1
LTC/ADA,2.5,0.5,60,1.0,0.9691,44.2,5.8625,48.8,28,2.1148,46.4
LTC/ADA,2.5,0.5,60,1.5,0.646,44.2,3.9082,48.8,28,1.4098,46.4
LTC/ADA,2.5,0.5,60,2.0,0.4845,44.2,2.9311,48.8,28,1.0573,46.4
LTC/ADA,2.5,0.8,20,1.0,0.5889,46.2,0.8685,45.6,51,2.2279,50.2
LTC/ADA,2.5,0.8,20,1.5,0.3925,46.2,0.5789,45.6,51,1.4852,50.2
LTC/ADA,2.5,0.8,20,2.0,0.2943,46.2,0.4341,45.6,51,1.1139,50.2
LTC/ADA,2.5,0.8,30,1.0,-3.7731,45.2,1.2362,49.6,44,3.3322,49.1
LTC/ADA,2.5,0.8,30,1.5,-2.5154,45.2,0.8241,49.6,44,2.2214,49.1
LTC/ADA,2.5,0.8,30,2.0,-1.8866,45.2,0.618,49.6,44,1.666,49.1
LTC/ADA,2.5,0.8,40,1.0,-1.7328,47.2,2.4024,48.7,38,1.69,49.4
LTC/ADA,2.5,0.8,40,1.5,-1.1553,47.2,1.6016,48.7,38,1.1266,49.4
LTC/ADA,2.5,0.8,40,2.0,-0.8665,47.2,1.2011,48.7,38,0.8449,49.4
LTC/ADA,2.5,0.8,60,1.0,0.306,46.0,3.4401,49.1,29,3.8738,49.1
LTC/ADA,2.5,0.8,60,1.5,0.204,46.0,2.2933,49.1,29,2.5824,49.1
LTC/ADA,2.5,0.8,60,2.0,0.1529,46.0,1.72,49.1,29,1.9368,49.1
LTC/ADA,3.0,0.3,30,1.0,-4.7187,47.7,2.2058,49.6,23,1.1833,47.4
LTC/ADA,3.0,0.3,30,1.5,-3.1458,47.7,1.4705,49.6,23,0.7888,47.4
LTC/ADA,3.0,0.3,30,2.0,-2.3594,47.7,1.1028,49.6,23,0.5916,47.4
LTC/ADA,3.0,0.5,30,1.0,-4.9792,46.7,1.1644,49.0,23,0.4478,48.6
LTC/ADA,3.0,0.5,30,1.5,-3.3195,46.7,0.7762,49.0,23,0.2985,48.6
LTC/ADA,3.0,0.5,30,2.0,-2.4897,46.7,0.5821,49.0,23,0.2238,48.6
LTC/ADA,3.0,0.8,30,1.0,-8.1312,45.1,0.5739,50.3,23,1.901,48.0
LTC/ADA,3.0,0.8,30,1.5,-5.4209,45.1,0.3825,50.3,23,1.2673,48.0
LTC/ADA,3.0,0.8,30,2.0,-4.0657,45.1,0.2868,50.3,23,0.9504,48.0
XRP/ADA,1.5,0.3,20,1.0,2.1936,47.5,-0.4717,49.9,109,2.5223,49.0
XRP/ADA,1.5,0.3,20,1.5,1.4623,47.5,-0.3145,49.9,109,1.6815,49.0
XRP/ADA,1.5,0.3,20,2.0,1.0967,47.5,-0.236,49.9,109,1.2611,49.0
XRP/ADA,1.5,0.3,30,1.0,0.9301,50.8,-0.5074,49.0,82,1.1238,46.9
XRP/ADA,1.5,0.3,30,1.5,0.62,50.8,-0.3383,49.0,82,0.7491,46.9
XRP/ADA,1.5,0.3,30,2.0,0.465,50.8,-0.2538,49.0,82,0.5618,46.9
XRP/ADA,1.5,0.3,40,1.0,0.0523,49.5,0.9525,48.6,68,-0.4468,46.9
XRP/ADA,1.5,0.3,40,1.5,0.0348,49.5,0.6349,48.6,68,-0.2979,46.9
XRP/ADA,1.5,0.3,40,2.0,0.0261,49.5,0.4761,48.6,68,-0.2235,46.9
XRP/ADA,1.5,0.3,60,1.0,-0.0623,48.2,0.3164,50.3,45,0.0166,47.5
XRP/ADA,1.5,0.3,60,1.5,-0.0416,48.2,0.2109,50.3,45,0.011,47.5
XRP/ADA,1.5,0.3,60,2.0,-0.0312,48.2,0.1581,50.3,45,0.0082,47.5
XRP/ADA,1.5,0.5,20,1.0,2.0572,48.0,-0.3111,48.2,120,2.2655,49.8
XRP/ADA,1.5,0.5,20,1.5,1.3714,48.0,-0.2075,48.2,120,1.5103,49.8
XRP/ADA,1.5,0.5,20,2.0,1.0285,48.0,-0.1557,48.2,120,1.1327,49.8
XRP/ADA,1.5,0.5,30,1.0,0.5888,48.8,-0.0372,47.8,88,1.6525,49.6
XRP/ADA,1.5,0.5,30,1.5,0.3925,48.8,-0.0249,47.8,88,1.1016,49.6
XRP/ADA,1.5,0.5,30,2.0,0.2943,48.8,-0.0187,47.8,88,0.8262,49.6
XRP/ADA,1.5,0.5,40,1.0,1.6605,50.6,1.0588,48.9,74,1.9659,47.5
XRP/ADA,1.5,0.5,40,1.5,1.1069,50.6,0.7058,48.9,74,1.3106,47.5
XRP/ADA,1.5,0.5,40,2.0,0.8301,50.6,0.5293,48.9,74,0.9829,47.5
XRP/ADA,1.5,0.5,60,1.0,-0.4002,47.3,1.9196,47.8,51,-0.0417,45.2
XRP/ADA,1.5,0.5,60,1.5,-0.2669,47.3,1.2796,47.8,51,-0.0278,45.2
XRP/ADA,1.5,0.5,60,2.0,-0.2002,47.3,0.9597,47.8,51,-0.0209,45.2
XRP/ADA,1.5,0.8,20,1.0,2.4566,50.0,0.5015,49.2,131,2.1293,48.5
XRP/ADA,1.5,0.8,20,1.5,1.6377,50.0,0.3343,49.2,131,1.4195,48.5
XRP/ADA,1.5,0.8,20,2.0,1.2282,50.0,0.2507,49.2,131,1.0646,48.5
XRP/ADA,1.5,0.8,30,1.0,0.5825,46.5,-0.6636,50.0,97,1.6114,49.5
XRP/ADA,1.5,0.8,30,1.5,0.3883,46.5,-0.4424,50.0,97,1.0742,49.5
XRP/ADA,1.5,0.8,30,2.0,0.2912,46.5,-0.3319,50.0,97,0.8056,49.5
XRP/ADA,1.5,0.8,40,1.0,1.6568,48.2,0.4527,47.3,81,1.2418,47.9
XRP/ADA,1.5,0.8,40,1.5,1.1045,48.2,0.3017,47.3,81,0.8278,47.9
XRP/ADA,1.5,0.8,40,2.0,0.8283,48.2,0.2262,47.3,81,0.6208,47.9
XRP/ADA,1.5,0.8,60,1.0,-0.8492,49.0,0.7642,49.0,61,1.5962,46.6
XRP/ADA,1.5,0.8,60,1.5,-0.5662,49.0,0.5094,49.0,61,1.0641,46.6
XRP/ADA,1.5,0.8,60,2.0,-0.4247,49.0,0.382,49.0,61,0.798,46.6
XRP/ADA,2.0,0.3,20,1.0,1.9248,46.9,-0.3966,48.7,78,1.4732,48.4
XRP/ADA,2.0,0.3,20,1.5,1.2831,46.9,-0.2645,48.7,78,0.9821,48.4
XRP/ADA,2.0,0.3,20,2.0,0.9623,46.9,-0.1984,48.7,78,0.7365,48.4
XRP/ADA,2.0,0.3,30,1.0,2.4,49.6,1.2432,46.5,61,2.1948,45.8
XRP/ADA,2.0,0.3,30,1.5,1.6,49.6,0.8287,46.5,61,1.4632,45.8
XRP/ADA,2.0,0.3,30,2.0,1.1999,49.6,0.6215,46.5,61,1.0973,45.8
XRP/ADA,2.0,0.3,40,1.0,-0.3252,49.5,2.4169,49.2,54,-0.2377,44.6
XRP/ADA,2.0,0.3,40,1.5,-0.2169,49.5,1.6112,49.2,54,-0.1586,44.6
XRP/ADA,2.0,0.3,40,2.0,-0.1627,49.5,1.2084,49.2,54,-0.119,44.6
XRP/ADA,2.0,0.3,60,1.0,-0.5947,47.9,-0.3291,49.3,32,2.0835,47.6
XRP/ADA,2.0,0.3,60,1.5,-0.3966,47.9,-0.2194,49.3,32,1.3889,47.6
XRP/ADA,2.0,0.3,60,2.0,-0.2975,47.9,-0.1646,49.3,32,1.0416,47.6
XRP/ADA,2.0,0.5,20,1.0,1.8076,46.6,0.139,49.9,84,1.0364,49.8
XRP/ADA,2.0,0.5,20,1.5,1.205,46.6,0.0926,49.9,84,0.6909,49.8
XRP/ADA,2.0,0.5,20,2.0,0.9037,46.6,0.0694,49.9,84,0.5181,49.8
XRP/ADA,2.0,0.5,30,1.0,1.6099,48.3,0.8289,49.0,62,1.678,47.2
XRP/ADA,2.0,0.5,30,1.5,1.0732,48.3,0.5525,49.0,62,1.1186,47.2
XRP/ADA,2.0,0.5,30,2.0,0.8048,48.3,0.4143,49.0,62,0.8389,47.2
XRP/ADA,2.0,0.5,40,1.0,1.6039,48.3,2.3121,49.8,56,2.7351,48.4
XRP/ADA,2.0,0.5,40,1.5,1.0692,48.3,1.5413,49.8,56,1.8234,48.4
XRP/ADA,2.0,0.5,40,2.0,0.8019,48.3,1.1559,49.8,56,1.3675,48.4
XRP/ADA,2.0,0.5,60,1.0,0.4784,47.6,1.9708,49.2,36,1.7311,48.0
XRP/ADA,2.0,0.5,60,1.5,0.3189,47.6,1.3138,49.2,36,1.154,48.0
XRP/ADA,2.0,0.5,60,2.0,0.2391,47.6,0.9853,49.2,36,0.8655,48.0
XRP/ADA,2.0,0.8,20,1.0,2.4847,50.7,0.7137,49.8,86,1.3787,48.5
XRP/ADA,2.0,0.8,20,1.5,1.6564,50.7,0.4758,49.8,86,0.9191,48.5
XRP/ADA,2.0,0.8,20,2.0,1.2423,50.7,0.3568,49.8,86,0.6892,48.5
XRP/ADA,2.0,0.8,30,1.0,1.1494,49.8,0.0737,48.7,67,1.5215,46.6
XRP/ADA,2.0,0.8,30,1.5,0.7662,49.8,0.0491,48.7,67,1.0142,46.6
XRP/ADA,2.0,0.8,30,2.0,0.5746,49.8,0.0368,48.7,67,0.7606,46.6
XRP/ADA,2.0,0.8,40,1.0,0.8721,50.0,1.0545,48.4,58,2.4927,46.9
XRP/ADA,2.0,0.8,40,1.5,0.5813,50.0,0.7029,48.4,58,1.6617,46.9
XRP/ADA,2.0,0.8,40,2.0,0.436,50.0,0.5272,48.4,58,1.2462,46.9
XRP/ADA,2.0,0.8,60,1.0,-2.0291,48.9,-1.1137,48.4,38,4.218,49.5
XRP/ADA,2.0,0.8,60,1.5,-1.3528,48.9,-0.7426,48.4,38,2.8119,49.5
XRP/ADA,2.0,0.8,60,2.0,-1.0146,48.9,-0.557,48.4,38,2.1089,49.5
XRP/ADA,2.5,0.3,20,1.0,3.1064,48.7,1.9387,48.3,48,1.1016,50.1
XRP/ADA,2.5,0.3,20,1.5,2.0708,48.7,1.2924,48.3,48,0.7344,50.1
XRP/ADA,2.5,0.3,20,2.0,1.5531,48.7,0.9692,48.3,48,0.5507,50.1
XRP/ADA,2.5,0.3,30,1.0,1.501,50.7,1.9899,50.7,35,2.0438,47.8
XRP/ADA,2.5,0.3,30,1.5,1.0006,50.7,1.3265,50.7,35,1.3625,47.8
XRP/ADA,2.5,0.3,30,2.0,0.7504,50.7,0.9948,50.7,35,1.0218,47.8
XRP/ADA,2.5,0.3,40,1.0,-2.5319,47.8,2.5071,50.0,36,0.8991,46.4
XRP/ADA,2.5,0.3,40,1.5,-1.688,47.8,1.6714,50.0,36,0.5993,46.4
XRP/ADA,2.5,0.3,40,2.0,-1.2661,47.8,1.2535,50.0,36,0.4494,46.4
XRP/ADA,2.5,0.3,60,1.0,-2.4947,46.5,4.4223,52.0,23,2.927,47.5
XRP/ADA,2.5,0.3,60,1.5,-1.6632,46.5,2.9481,52.0,23,1.9513,47.5
XRP/ADA,2.5,0.3,60,2.0,-1.2474,46.5,2.211,52.0,23,1.4634,47.5
XRP/ADA,2.5,0.5,20,1.0,3.3938,49.2,1.9442,48.8,49,0.6913,49.7
XRP/ADA,2.5,0.5,20,1.5,2.2625,49.2,1.2961,48.8,49,0.4608,49.7
XRP/ADA,2.5,0.5,20,2.0,1.6968,49.2,0.972,48.8,49,0.3456,49.7
XRP/ADA,2.5,0.5,30,1.0,1.1256,49.2,2.2841,48.9,36,0.9163,46.9
XRP/ADA,2.5,0.5,30,1.5,0.7503,49.2,1.5227,48.9,36,0.6108,46.9
XRP/ADA,2.5,0.5,30,2.0,0.5627,49.2,1.142,48.9,36,0.458,46.9
XRP/ADA,2.5,0.5,40,1.0,0.0279,47.9,2.2129,49.5,36,2.815,49.6
XRP/ADA,2.5,0.5,40,1.5,0.0185,47.9,1.4752,49.5,36,1.8766,49.6
XRP/ADA,2.5,0.5,40,2.0,0.0138,47.9,1.1063,49.5,36,1.4074,49.6
XRP/ADA,2.5,0.5,60,1.0,-0.8544,47.3,5.007,48.5,24,2.5135,46.9
XRP/ADA,2.5,0.5,60,1.5,-0.5696,47.3,3.338,48.5,24,1.6756,46.9
XRP/ADA,2.5,0.5,60,2.0,-0.4273,47.3,2.5034,48.5,24,1.2566,46.9
XRP/ADA,2.5,0.8,20,1.0,3.3978,49.4,1.7764,49.9,49,1.2014,49.4
XRP/ADA,2.5,0.8,20,1.5,2.2651,49.4,1.1842,49.9,49,0.8009,49.4
XRP/ADA,2.5,0.8,20,2.0,1.6988,49.4,0.8881,49.9,49,0.6006,49.4
XRP/ADA,2.5,0.8,30,1.0,0.6596,50.0,0.8884,47.6,37,1.6018,47.3
XRP/ADA,2.5,0.8,30,1.5,0.4396,50.0,0.5922,47.6,37,1.0678,47.3
XRP/ADA,2.5,0.8,30,2.0,0.3297,50.0,0.4441,47.6,37,0.8008,47.3
XRP/ADA,2.5,0.8,40,1.0,-1.3714,50.1,1.1717,50.3,36,1.3244,48.6
XRP/ADA,2.5,0.8,40,1.5,-0.9143,50.1,0.7811,50.3,36,0.8829,48.6
XRP/ADA,2.5,0.8,40,2.0,-0.6858,50.1,0.5858,50.3,36,0.6621,48.6
XRP/ADA,2.5,0.8,60,1.0,-3.512,46.6,1.748,48.9,25,4.4326,49.1
XRP/ADA,2.5,0.8,60,1.5,-2.3414,46.6,1.1652,48.9,25,2.955,49.1
XRP/ADA,2.5,0.8,60,2.0,-1.7561,46.6,0.8739,48.9,25,2.2162,49.1
